汉,服, ,汉,服,摄,影, ,汉,服,写,真, ,汉,服,设,计, ,汉,服,上,新, ,汉,服,日,常, ,汉,服,配,饰, ,汉,服,约,拍, ,汉,服,写,真,集, ,汉,服,美,少,女, ,汉,服,妆,造, ,汉,服,活,动, ,汉,服,模,特, ,汉,服,开,箱, ,岂,曰,无,衣,-,汉,服,配,饰, ,汉,服,发,型, ,汉,服,资,讯, ,汉,服,传,承, ,汉,服,发,型,教,程, ,汉,服,商,拍
汉,服, ,汉,服,摄,影, ,汉,服,写,真, ,汉,服,设,计, ,汉,服,上,新, ,汉,服,日,常, ,汉,服,配,饰, ,汉,服,约,拍, ,汉,服,写,真,集, ,汉,服,美,少,女, ,汉,服,妆,造, ,汉,服,活,动, ,汉,服,模,特, ,汉,服,开,箱, ,岂,曰,无,衣,-,汉,服,配,饰, ,汉,服,发,型, ,汉,服,资,讯, ,汉,服,传,承, ,汉,服,发,型,教,程, ,汉,服,商,拍
汉,服,设,计,作,品,投,稿, ,汉,服,的,一,百,种,打,开,方,式, ,原,创,汉,服, ,汉,服,图,透, ,汉,服,树,洞, ,汉,服,上,的,绣,花, ,汉,服,发,饰, ,汉,服,发,簪, ,夏,日,穿,汉,服,吃,烤,肉,的,感,觉, ,穿,汉,服,站,1,1,楼,顶,边,沿,拍,视,频, ,汉,服,私,影, ,穿,汉,服,的,女,生,有,多,好,看, ,穿,汉,服,的,女,孩,可,以,有,多,美, ,汉,服,混,搭, ,穿,着,汉,服,去,旅,行, ,汉,服,出,行, ,汉,服,公,开,课, ,穿,汉,服,的,女,生,可,以,有,多,仙, ,国,丝,汉,服,节, ,于,朦,胧,汉,服,造,型
女,子,穿,汉,服,站,1,1,楼,顶,边,沿,拍,视,频, ,成,都,汉,服,约,拍, ,汉,服,搭,配, ,汉,服,[,超,话,], ,汉,服,穿,搭, ,西,塘,汉,服,文,化,周, ,带,着,汉,服,去,旅,行, ,汉,服,种,草, ,汉,服,穿,搭,大,赛, ,汉,服,约,稿, ,汉,服,安,利, ,汉,服,超,话, ,汉,服,才,是,真,的,绝, ,汉,服,并,不,是,突,然,火,起,来,的, ,公,交,司,机,遇,上,汉,服,小,姐,姐, ,9,0,后,男,扮,女,装,穿,汉,服,景,区,跳,舞, ,汉,服,二,手, ,谁,还,没,个,汉,服,了, ,岂,曰,无,衣,-,汉,服, ,汉,服,设,计,稿
汉,服,抽,奖, ,穿,汉,服,回,家,过,年, ,汉,服,造,型, ,物,业,批,评,1,1,楼,边,沿,拍,视,频,汉,服,女,孩, ,明,制,汉,服, ,梨,花,渡,汉,服, ,穿,汉,服,的,女,生,有,多,美, ,当,古,代,饮,料,变,成,汉,服, ,汉,服,设,计,大,赛, ,宋,制,汉,服, ,汉,服,小,姐,姐, ,汉,服,该,不,该,被,普,及, ,成,都,汉,服, ,1,1,2,2,汉,服,节, ,汉,服,复,兴, ,宋,制,汉,服,热, ,白,菜,汉,服, ,汉,服,视,频,大,赛, ,汉,服,·,街,拍, ,道,定,汉,服
二,手,闲,置,汉,服, ,西,安,汉,服,约,拍, ,张,艺,兴,汉,服,造,型, ,汉,服,旅,拍, ,汉,服,视,频, ,大,理,汉,服, ,汉,服,手,工,制,作, ,汉,服,婚,礼, ,汉,服,久,违, ,汉,服,文,化, ,汉,服,文,化,周, ,仙,服, ,汉,服, ,我,与,汉,服,的,故,事, ,汉,服,出,行,日, ,汉,服,摄,影,大,赛, ,汉,服,布,料, ,汉,服,日,常,搭,配, ,深,圳,汉,服,约,拍, ,儿,童,汉,服, ,西,塘,汉,服,文,化,节
汉,服,照,大,赏, ,穿,汉,服,被,辅,导,员,威,胁,退,学, ,汉,服,日,常,穿,搭, ,赭,颜,汉,服, ,汉,服,头,饰, ,汉,服,穿,越,蹦,迪, ,汉,服,预,告, ,汉,服,约,稿,资,讯,平,台, ,不,要,穿,汉,服,去,风,大,的,地,方, ,汉,服,正,片, ,汉,服,之,美, ,汉,服,商,家, ,北,京,汉,服,约,拍, ,汉,服,为,啥,越,来,越,火, ,汉,服,荟,精,选, ,汉,服,配,饰,上,新, ,新,人,用,汉,服,照,登,记,结,婚,被,拒, ,汉,服,美,人,大,赛, ,母,女,穿,汉,服,打,卡,黄,鹤,楼, ,兰,若,庭,汉,服
汉,服,出,物, ,苏,州,汉,服,摄,影, ,杭,州,汉,服,约,拍, ,厦,门,汉,服, ,汉,服,新,闻, ,我,有,一,个,汉,服,梦, ,汉,服,出,租, ,汉,服,写,真,摄,影, ,汉,服,原,创,设,计, ,汉,服,毕,业,照, ,停,云,流,光,汉,服, ,艺,缕,原,创,汉,服, ,汉,服,那,些,事,儿, ,重,庆,汉,服,约,拍, ,汉,服,锦,鲤, ,汉,服,拍,摄, ,汉,服,新,品, ,汉,服,返,图, ,古,风,",",汉,服, ,汉,服,与,邂,逅
你,的,最,美,汉,服,女,神, ,鹤,唳,华,亭,汉,服,在,闲,鱼,义,卖, ,花,朝,记,汉,服, ,当,汉,服,遇,见,世,界, ,汉,服,同,袍, ,汉,服,来,料,定,制, ,品,牌,汉,服,订,单,已,排,到,2,0,2,1,年, ,净,燃,汉,服, ,汉,服,商,品, ,a,p,e,c,穿,汉,服, ,汉,服,妆,容,大,赛, ,汉,服,市,场,规,模,达,数,十,亿, ,芳,华,记,汉,服, ,二,手,汉,服,闲,置,交,易, ,汉,服,时,尚, ,汉,服,荟, ,汉,服,体,验,馆, ,宅,家,穿,汉,服
沈,阳,汉,服,约,拍, ,汉,服,外,拍, ,汉,服,转,让, ,汉,服,旅,拍,适,合,的,场,景, ,春,熙,路,偶,遇,天,仙,汉,服,小,姐,姐, ,弥,秋,汉,服, ,汉,服,春,晚, ,上,海,汉,服,摄,影, ,汉,服,妆,容, ,宁,波,汉,服, ,汉,服,女,孩,上,线, ,春,晚,向,汉,服,道,歉, ,宴,山,亭,汉,服, ,宅,在,家,想,念,穿,汉,服,的,样,子, ,约,会,穿,着,白,色,汉,服, ,当,爱,豆,穿,上,汉,服, ,大,理,汉,服,旅,拍, ,汉,服,日,常,发,型, ,汉,服,投,稿, ,汉,服,流,行,的,真,实,原,因
挺,汉,服,撑,传,统, ,汉,服,商,品,图, ,汉,服,成,人,礼, ,汉,服,街,拍, ,深,圳,汉,服, ,汉,服,实,体,店, ,民,政,局,回,应,汉,服,照,登,记,结,婚,被,拒, ,说,给,汉,服, ,1,1,2,2,全,球,汉,服,出,行,日, ,我,的,汉,服,日,常, ,最,美,汉,服,大,赏, ,汉,服,交,易, ,汉,服,招,聘, ,上,课,逛,街,汉,服,不,离,身, ,汉,服,发,型,吧, ,衔,泥,小,筑,汉,服, ,9,4,年,女,生,年,卖,3,亿,汉,服, ,汉,服,人,像, ,汉,服,到,底,有,多,火, ,汉,服,推,荐
汉,服,复,兴,",",十,载,偕,行, ,汉,服,照,大,赛, ,汉,服,客,片, ,汉,服,少,女, ,汉,服,节, ,远,山,乔,汉,服, ,汉,服,制,作, ,长,沙,汉,服,约,拍, ,西,安,汉,服,摄,影, ,汉,服,周,边, ,汉,服,深,圳, ,穿,汉,服,旅,行,的,男,孩,女,孩, ,时,尚,汉,服, ,云,台,山,汉,服,花,朝,节, ,穿,汉,服,生,活,2,0,年, ,汉,服,鞋, ,西,安,汉,服, ,汉,服,雪,景, ,穿,着,汉,服,游,蜀,道, ,杭,州,人,有,多,爱,穿,汉,服
穿,着,汉,服,c,o,s,屈,原,的,行,为,艺,术, ,汉,服,上,的,花,纹, ,日,常,汉,服,配,饰, ,古,风,汉,服, ,带,上,汉,服,去,旅,行, ,汉,服,女,生, ,广,州,汉,服,约,拍, ,汉,服,小,哥,哥, ,日,常,汉,服, ,汉,服,t,v, ,汉,服,洞,娘, ,汉,服,商,图, ,长,沙,汉,服,摄,影, ,徐,娇,穿,汉,服,游,日,本, ,福,州,汉,服,约,拍, ,汉,服,教,程, ,汉,服,十,年, ,广,州,汉,服,写,真, ,汉,服,出,门, ,高,颜,值,汉,服,大,赏
流,烟,昔,泠,汉,服, ,汉,服,体,验, ,汉,服,c,p, ,土,味,汉,服,们, ,苏,州,汉,服, ,汉,服,广,场,舞, ,宋,祖,儿,汉,服,造,型, ,宁,波,汉,服,约,拍, ,离,人,愁,掀,起,汉,服,热, ,第,一,眼,就,心,动,的,汉,服, ,汉,服,·,芷,薇, ,南,京,汉,服, ,礼,衣,华,夏,汉,服,模,特,大,赛, ,汉,尚,华,莲,汉,服, ,北,京,汉,服,摄,影, ,穿,汉,服,过,新,年, ,汉,服,舞,蹈, ,改,良,汉,服, ,汉,服,旅,行, ,汉,服,闲,置
杭,州,汉,服, ,汉,服,合,肥, ,女,生,穿,汉,服,有,多,好,看, ,3,0,天,汉,服,挑,战, ,看,一,眼,就,惊,艳,的,汉,服, ,椿,松,集,汉,服,上,新, ,池,夏,汉,服, ,汉,服,店,铺,推,荐, ,遇,见,汉,服, ,汉,服,美,人, ,汉,服,社, ,杨,超,越,粉,丝,汉,服,应,援, ,龙,母,汉,服, ,汉,服,妆,面, ,霜,云,居,汉,服, ,汉,服,艺,术,照, ,汉,服,科,普, ,汉,服,摄,影,投,稿, ,2,0,0,多,名,汉,服,爱,好,者,现,身,大,唐,不,夜,城, ,上,海,汉,服
中,国,西,塘,汉,服,文,化,周, ,武,汉,汉,服, ,汉,服,夜,景, ,郑,州,汉,服,约,拍, ,汉,服,情,侣, ,成,都,汉,服,摄,影, ,汉,服,过,年, ,汉,服,闺,蜜, ,福,州,汉,服,古,风,写,真, ,热,爱,不,设,限, ,国,风,汉,服,节, ,汉,服,超,模,大,赛, ,汉,服,店,铺, ,中,国,汉,服,日, ,汉,服,现,货, ,昆,明,汉,服, ,汉,服,秀, ,汉,服,坦,领, ,汉,服,混,搭,日,记, ,天,津,汉,服,约,拍, ,重,回,汉,唐,汉,服,买,家,秀
汉,服,转,卖, ,汉,服,春,游, ,专,业,汉,服,模,特, ,穿,汉,服,是,怎,样,的,体,验, ,南,国,汉,服,嘉,年,华, ,女,生,穿,汉,服,能,有,多,美, ,汉,服,运,动, ,一,叶,馨,香,汉,服, ,山,海,记,汉,服, ,出,汉,服, ,西,塘,汉,服,节, ,汉,服,上,新,图,透, ,汉,服,:,d,o,y,o,u,l,i,k,e,m,e, ,汉,服,设,计,超,话, ,汉,服,贺,年, ,南,宁,汉,服, ,大,学,生,汉,服,之,行, ,汉,服,种,草,姬, ,汉,服,仙,服, ,汉,服,婚,服
第,一,次,穿,汉,服,是,怎,样,的,体,验, ,芥,子,记,汉,服, ,汉,服,大,晒, ,汉,服,印,象, ,净,燃,首,届,汉,服,摄,影,大,赛, ,第,一,次,穿,汉,服,的,经,历, ,张,艺,凡,汉,服,造,型, ,汉,服,拔,草,机,的,讨,论,时,间, ,汉,服,产,业,总,规,模,超,1,0,亿,元, ,南,京,汉,服,约,拍, ,穿,汉,服,的,运,动,系,男,生, ,黎,落,阁,汉,服, ,汉,服,吐,槽, ,汉,服,外,景, ,汉,服,设,计,图, ,古,风,发,簪,",",汉,服,配,饰, ,3,0,岁,辞,职,爆,改,婚,房,做,汉,服, ,金,华,汉,服, ,南,昌,汉,服, ,这,汉,服,我,真,服
汉,服,赏,味,期, ,汉,服,商,品,图,约,拍, ,一,起,做,汉,服, ,汉,服,新,店, ,常,州,汉,服, ,汉,服,出,衣, ,汉,服,美,美,哒, ,汉,服,形,制, ,汉,服,首,饰, ,汉,服,新,品,图,透, ,西,安,汉,服,写,真, ,我,们,的,汉,服, ,汉,服,全,家,福, ,山,有,扶,苏,汉,服, ,女,生,穿,汉,服,能,有,多,好,看, ,汉,服,像,册, ,汉,服,十,二,花,神, ,瞳,莞,汉,服, ,汉,服,手,作, ,重,庆,汉,服
高,校,男,生,每,天,穿,汉,服, ,汉,服,绣,花, ,穿,着,汉,服,去,逛,街, ,浅,岱,江,南,汉,服, ,沈,阳,汉,服, ,穿,上,汉,服,去,旅,行, ,汉,服,租,赁, ,昆,明,汉,服,写,真, ,男,生,痴,迷,汉,服,留,长,发, ,樱,花,下,汉,服,美,少,女, ,二,手,汉,服, ,汉,服,改,良, ,汉,服,婚,纱,照, ,郑,州,汉,服, ,汉,服,来,料, ,汉,服,拜,年, ,六,羽,汉,服, ,唐,制,汉,服, ,汉,服,归,来
汉,服,亲,子, ,南,宁,汉,服,约,拍, ,白,菜,汉,服,合,集, ,广,州,汉,服, ,汉,服,饰,品, ,落,花,笺,原,创,汉,服, ,大,连,汉,服, ,汉,服,闪,购, ,汉,服,自,拍, ,浮,舟,令,汉,服, ,汉,服,萌,新, ,汉,服,零,基,础,妆,造,班, ,汉,服,星,云, ,出,汉,服,闲,置, ,1,1,2,2,汉,服,出,行,日, ,爷,爷,奶,奶,穿,汉,服,过,七,夕, ,飞,魔,幻,汉,服,照,征,集,大,赛, ,平,价,汉,服, ,当,外,国,d,j,撞,上,汉,服,美,人, ,汉,服,才,是,真,的,美
汉,服,笔,记, ,晋,制,汉,服, ,汉,服,测,评, ,如,梦,霓,裳,汉,服, ,汉,服,m,v, ,衣,锦,江,南,汉,服,馆, ,穿,着,汉,服,去,旅,游, ,长,沙,汉,服, ,汉,服,北,京, ,第,六,届,西,塘,汉,服,文,化,周, ,东,方,名,剪,万,人,汉,服,秀, ,南,京,汉,服,写,真, ,汉,服,天,下, ,汉,服,妆,面,教,程, ,日,常,汉,服,首,饰, ,裕,鼎,鲜,汉,服,文,化,周, ,汉,服,商,家,资,讯, ,汉,服,妆,发, ,成,都,汉,服,写,真, ,汉,服,复,兴,运,动
汉,服,之,美,在,华,夏, ,汉,服,测,评, ,穿,着,汉,服,过,新,年, ,汉,服,星,探, ,汉,服,原,创, ,迪,士,尼,公,主,汉,服,穿,搭, ,重,庆,汉,服,摄,影, ,汉,服,文,化,节, ,挑,战,3,0,天,汉,服,穿,搭,不,重,样, ,汉,服,微,电,影, ,汉,服,斗,篷, ,穿,汉,服,过,中,秋, ,威,海,汉,服, ,新,人,用,汉,服,照,登,记,结,婚,被,拒,绝, ,汉,服,怎,么,穿, ,汉,服,爱,好,者, ,西,安,汉,服,体,验, ,汉,服,一,生,",",同,袍,一,世, ,汉,服,婚,照, ,绣,罗,衣,汉,服
