汉,服, ,汉,服,摄,影, ,汉,服,写,真, ,汉,服,上,新, ,汉,服,设,计, ,汉,服,日,常, ,汉,服,配,饰, ,汉,服,约,拍, ,汉,服,写,真,集, ,汉,服,妆,造, ,汉,服,美,少,女, ,汉,服,活,动, ,汉,服,传,承, ,岂,曰,无,衣,-,汉,服,配,饰, ,汉,服,资,讯, ,汉,服,开,箱, ,汉,服,模,特, ,汉,服,设,计,作,品,投,稿, ,汉,服,发,型, ,汉,服,发,簪
汉,服, ,汉,服,摄,影, ,汉,服,写,真, ,汉,服,上,新, ,汉,服,设,计, ,汉,服,日,常, ,汉,服,配,饰, ,汉,服,约,拍, ,汉,服,写,真,集, ,汉,服,妆,造, ,汉,服,美,少,女, ,汉,服,活,动, ,汉,服,传,承, ,岂,曰,无,衣,-,汉,服,配,饰, ,汉,服,资,讯, ,汉,服,开,箱, ,汉,服,模,特, ,汉,服,设,计,作,品,投,稿, ,汉,服,发,型, ,汉,服,发,簪
汉,服,商,拍, ,汉,服,图,透, ,汉,服,树,洞, ,汉,服,的,一,百,种,打,开,方,式, ,原,创,汉,服, ,汉,服,发,型,教,程, ,汉,服,上,的,绣,花, ,你,的,最,美,汉,服,女,神, ,汉,服,混,搭, ,穿,着,汉,服,去,旅,行, ,夏,日,穿,汉,服,吃,烤,肉,的,感,觉, ,汉,服,出,行, ,穿,汉,服,站,1,1,楼,顶,边,沿,拍,视,频, ,西,塘,汉,服,文,化,周, ,穿,汉,服,的,女,孩,可,以,有,多,美, ,汉,服,发,饰, ,穿,汉,服,的,女,生,有,多,好,看, ,国,丝,汉,服,节, ,穿,汉,服,的,女,生,可,以,有,多,仙, ,汉,服,私,影
汉,服, ,汉,服,摄,影, ,汉,服,写,真, ,汉,服,日,常, ,汉,服,设,计, ,汉,服,上,新, ,汉,服,约,拍, ,汉,服,配,饰, ,汉,服,写,真,集, ,汉,服,妆,造, ,汉,服,与,邂,逅, ,汉,服,活,动, ,汉,服,美,少,女, ,张,含,韵,汉,服,娘, ,汉,服,模,特, ,汉,服,资,讯, ,岂,曰,无,衣,-,汉,服,配,饰, ,汉,服,传,承, ,汉,服,开,箱, ,汉,服,发,型
汉,服, ,汉,服,摄,影, ,汉,服,写,真, ,汉,服,日,常, ,汉,服,设,计, ,汉,服,上,新, ,汉,服,约,拍, ,汉,服,配,饰, ,汉,服,写,真,集, ,汉,服,妆,造, ,汉,服,与,邂,逅, ,汉,服,活,动, ,汉,服,美,少,女, ,张,含,韵,汉,服,娘, ,汉,服,模,特, ,汉,服,资,讯, ,岂,曰,无,衣,-,汉,服,配,饰, ,汉,服,传,承, ,汉,服,开,箱, ,汉,服,发,型
汉,服,商,拍, ,汉,服,的,一,百,种,打,开,方,式, ,汉,服,设,计,作,品,投,稿, ,汉,服,树,洞, ,原,创,汉,服, ,穿,着,汉,服,去,旅,行, ,汉,服,发,簪, ,汉,服,发,型,教,程, ,汉,服,图,透, ,汉,服,私,影, ,汉,服,混,搭, ,兰,若,庭,汉,服, ,汉,服,上,的,绣,花, ,穿,汉,服,的,女,生,可,以,有,多,仙, ,汉,服,出,行, ,你,的,最,美,汉,服,女,神, ,汉,服,发,饰, ,金,瀚,汉,服,造,型, ,穿,汉,服,的,女,生,有,多,好,看, ,汉,服,才,是,真,的,绝
西,塘,汉,服,文,化,周, ,汉,服,[,超,话,], ,成,都,汉,服,约,拍, ,汉,服,种,草, ,明,制,汉,服, ,汉,服,公,开,课, ,汉,服,安,利, ,汉,服,设,计,稿, ,汉,服,约,稿, ,汉,服,超,话, ,汉,服,与,荷,花,的,邂,逅, ,汉,服,超,模,大,赛, ,汉,服,小,姐,姐, ,汉,服,穿,搭, ,带,着,汉,服,去,旅,行, ,汉,服,并,不,是,突,然,火,起,来,的, ,汉,服,正,片, ,汉,服,抽,奖, ,汉,服,穿,搭,大,赛, ,汉,服,手,工,制,作
中,学,老,师,组,织,学,生,穿,汉,服,过,端,午, ,听,说,夏,天,穿,汉,服,是,这,样,的, ,当,汉,服,与,荷,花,相,遇, ,于,朦,胧,汉,服,造,型, ,汉,服,搭,配, ,汉,服,照,大,赏, ,谁,还,没,个,汉,服,了, ,苏,州,汉,服,摄,影, ,微,店,汉,服,圈, ,汉,服,二,手, ,西,安,汉,服,约,拍, ,我,与,汉,服,的,故,事, ,汉,服,造,型, ,汉,服,该,不,该,被,普,及, ,穿,汉,服,回,家,过,年, ,汉,服,布,料, ,汉,服,设,计,大,赛, ,厦,门,汉,服, ,汉,服,复,兴, ,岂,曰,无,衣,-,汉,服
汉,服,原,创,设,计, ,赭,颜,汉,服, ,汉,服,摄,影,大,赛, ,汉,服,·,街,拍, ,汉,服,商,家, ,汉,服,日,常,穿,搭, ,公,交,司,机,遇,上,汉,服,小,姐,姐, ,穿,汉,服,被,辅,导,员,威,胁,退,学, ,梨,花,渡,汉,服, ,国,丝,汉,服,节, ,汉,服,之,美, ,二,手,闲,置,汉,服, ,道,定,汉,服, ,汉,服,婚,礼, ,汉,服,久,违, ,汉,服,文,化, ,汉,服,文,化,周, ,杭,州,汉,服,约,拍, ,仙,服, ,汉,服, ,张,艺,兴,汉,服,造,型
汉,服,返,图, ,1,1,.,2,2,汉,服,复,兴,日, ,汉,服,旅,拍, ,1,1,2,2,汉,服,节, ,当,古,代,饮,料,变,成,汉,服, ,汉,服,视,频, ,白,菜,汉,服, ,汉,服,节, ,汉,服,穿,越,蹦,迪, ,不,要,穿,汉,服,去,风,大,的,地,方, ,汉,服,拍,摄, ,二,手,汉,服,闲,置,交,易, ,新,人,用,汉,服,照,登,记,结,婚,被,拒, ,宋,制,汉,服,热, ,汉,服,来,料,定,制, ,沈,阳,汉,服,约,拍, ,汉,服,商,图, ,汉,服,美,人,大,赛, ,北,京,汉,服,约,拍, ,西,安,汉,服
母,女,穿,汉,服,打,卡,黄,鹤,楼, ,汉,服,时,尚, ,汉,服,出,行,日, ,天,津,汉,服,约,拍, ,汉,服,为,啥,越,来,越,火, ,汉,服,人,像, ,成,都,汉,服, ,汉,服,毕,业,照, ,汉,服,妆,容, ,汉,服,预,告, ,汉,服,那,些,事,儿, ,汉,服,妆,容,大,赛, ,汉,服,新,品, ,汉,服,招,聘, ,古,风,",",汉,服, ,西,塘,汉,服,文,化,节, ,汉,服,出,物, ,约,会,穿,着,白,色,汉,服, ,鹤,唳,华,亭,汉,服,在,闲,鱼,义,卖
汉,服, ,汉,服,摄,影, ,汉,服,写,真, ,汉,服,日,常, ,汉,服,设,计, ,汉,服,上,新, ,汉,服,约,拍, ,汉,服,配,饰, ,汉,服,写,真,集, ,汉,服,妆,造, ,汉,服,与,邂,逅, ,汉,服,活,动, ,汉,服,美,少,女, ,张,含,韵,汉,服,娘, ,汉,服,模,特, ,汉,服,资,讯, ,岂,曰,无,衣,-,汉,服,配,饰, ,汉,服,开,箱, ,汉,服,传,承, ,汉,服,发,型
汉,服, ,汉,服,摄,影, ,汉,服,写,真, ,汉,服,日,常, ,汉,服,设,计, ,汉,服,上,新, ,汉,服,约,拍, ,汉,服,配,饰, ,汉,服,写,真,集, ,汉,服,妆,造, ,汉,服,与,邂,逅, ,汉,服,活,动, ,汉,服,美,少,女, ,张,含,韵,汉,服,娘, ,汉,服,模,特, ,汉,服,资,讯, ,岂,曰,无,衣,-,汉,服,配,饰, ,汉,服,开,箱, ,汉,服,传,承, ,汉,服,发,型
汉,服,商,拍, ,汉,服,的,一,百,种,打,开,方,式, ,汉,服,设,计,作,品,投,稿, ,汉,服,树,洞, ,穿,着,汉,服,去,旅,行, ,原,创,汉,服, ,汉,服,发,簪, ,汉,服,发,型,教,程, ,汉,服,图,透, ,汉,服,私,影, ,汉,服,混,搭, ,兰,若,庭,汉,服, ,汉,服,上,的,绣,花, ,穿,汉,服,的,女,生,可,以,有,多,仙, ,汉,服,出,行, ,你,的,最,美,汉,服,女,神, ,汉,服,发,饰, ,金,瀚,汉,服,造,型, ,穿,汉,服,的,女,生,有,多,好,看, ,汉,服,才,是,真,的,绝
西,塘,汉,服,文,化,周, ,汉,服,[,超,话,], ,成,都,汉,服,约,拍, ,汉,服,种,草, ,明,制,汉,服, ,汉,服,公,开,课, ,汉,服,安,利, ,汉,服,设,计,稿, ,汉,服,约,稿, ,汉,服,超,话, ,汉,服,与,荷,花,的,邂,逅, ,汉,服,超,模,大,赛, ,汉,服,小,姐,姐, ,汉,服,穿,搭, ,带,着,汉,服,去,旅,行, ,汉,服,并,不,是,突,然,火,起,来,的, ,汉,服,正,片, ,汉,服,抽,奖, ,汉,服,穿,搭,大,赛, ,汉,服,手,工,制,作
中,学,老,师,组,织,学,生,穿,汉,服,过,端,午, ,听,说,夏,天,穿,汉,服,是,这,样,的, ,当,汉,服,与,荷,花,相,遇, ,于,朦,胧,汉,服,造,型, ,汉,服,搭,配, ,汉,服,照,大,赏, ,谁,还,没,个,汉,服,了, ,苏,州,汉,服,摄,影, ,微,店,汉,服,圈, ,汉,服,二,手, ,西,安,汉,服,约,拍, ,我,与,汉,服,的,故,事, ,汉,服,造,型, ,汉,服,该,不,该,被,普,及, ,穿,汉,服,回,家,过,年, ,汉,服,布,料, ,汉,服,设,计,大,赛, ,厦,门,汉,服, ,汉,服,复,兴, ,岂,曰,无,衣,-,汉,服
汉,服,原,创,设,计, ,赭,颜,汉,服, ,汉,服,摄,影,大,赛, ,汉,服,·,街,拍, ,汉,服,商,家, ,汉,服,日,常,穿,搭, ,公,交,司,机,遇,上,汉,服,小,姐,姐, ,穿,汉,服,被,辅,导,员,威,胁,退,学, ,梨,花,渡,汉,服, ,国,丝,汉,服,节, ,汉,服,之,美, ,二,手,闲,置,汉,服, ,道,定,汉,服, ,汉,服,婚,礼, ,汉,服,久,违, ,汉,服,文,化, ,汉,服,文,化,周, ,杭,州,汉,服,约,拍, ,仙,服, ,汉,服, ,张,艺,兴,汉,服,造,型
汉,服,返,图, ,1,1,.,2,2,汉,服,复,兴,日, ,汉,服,旅,拍, ,1,1,2,2,汉,服,节, ,当,古,代,饮,料,变,成,汉,服, ,汉,服,视,频, ,白,菜,汉,服, ,汉,服,节, ,汉,服,穿,越,蹦,迪, ,不,要,穿,汉,服,去,风,大,的,地,方, ,汉,服,拍,摄, ,二,手,汉,服,闲,置,交,易, ,新,人,用,汉,服,照,登,记,结,婚,被,拒, ,宋,制,汉,服,热, ,汉,服,来,料,定,制, ,沈,阳,汉,服,约,拍, ,汉,服,商,图, ,汉,服,美,人,大,赛, ,北,京,汉,服,约,拍, ,西,安,汉,服
母,女,穿,汉,服,打,卡,黄,鹤,楼, ,汉,服,时,尚, ,汉,服,出,行,日, ,天,津,汉,服,约,拍, ,汉,服,为,啥,越,来,越,火, ,汉,服,人,像, ,成,都,汉,服, ,汉,服,毕,业,照, ,汉,服,妆,容, ,汉,服,预,告, ,汉,服,那,些,事,儿, ,汉,服,妆,容,大,赛, ,汉,服,新,品, ,汉,服,招,聘, ,古,风,",",汉,服, ,西,塘,汉,服,文,化,节, ,汉,服,出,物, ,约,会,穿,着,白,色,汉,服, ,鹤,唳,华,亭,汉,服,在,闲,鱼,义,卖
当,爱,豆,穿,上,汉,服, ,汉,服,荟,精,选, ,汉,服,日,常,搭,配, ,汉,服,头,饰, ,池,夏,汉,服, ,汉,服,同,袍, ,土,味,汉,服,们, ,品,牌,汉,服,订,单,已,排,到,2,0,2,1,年, ,宴,山,亭,汉,服, ,汉,服,新,闻, ,a,p,e,c,穿,汉,服, ,花,朝,记,汉,服, ,长,沙,汉,服,摄,影, ,大,理,汉,服, ,我,有,一,个,汉,服,梦, ,汉,服,体,验, ,汉,服,市,场,规,模,达,数,十,亿, ,芳,华,记,汉,服, ,儿,童,汉,服
重,庆,汉,服,约,拍, ,深,圳,汉,服,约,拍, ,汉,服,锦,鲤, ,汉,服,体,验,馆, ,汉,服,写,真,摄,影, ,汉,服,外,拍, ,汉,服,转,让, ,汉,服,旅,拍,适,合,的,场,景, ,远,山,乔,汉,服, ,如,梦,霓,裳,汉,服, ,春,熙,路,偶,遇,天,仙,汉,服,小,姐,姐, ,弥,秋,汉,服, ,汉,服,春,晚, ,汉,服,约,稿,资,讯,平,台, ,汉,服,婚,服, ,汉,服,女,孩,上,线, ,春,晚,向,汉,服,道,歉, ,汉,服,配,饰,上,新, ,汉,服,周,边, ,宅,在,家,想,念,穿,汉,服,的,样,子
停,云,流,光,汉,服, ,汉,服,流,行,的,真,实,原,因, ,挺,汉,服,撑,传,统, ,汉,服,情,侣, ,汉,服,出,租, ,广,州,汉,服,约,拍, ,汉,服,少,女, ,汉,服,成,人,礼, ,汉,服,街,拍, ,民,政,局,回,应,汉,服,照,登,记,结,婚,被,拒, ,礼,衣,华,夏,汉,服,模,特,大,赛, ,汉,服,视,频,大,赛, ,西,安,汉,服,摄,影, ,艺,缕,原,创,汉,服, ,1,1,2,2,全,球,汉,服,出,行,日, ,宋,制,汉,服, ,当,汉,服,遇,见,世,界, ,时,尚,汉,服, ,汉,服,交,易, ,汉,服,店,铺,推,荐
