一场空,2
一条街,2
三国,1
上衣,6
上课,2
上身,1
下会,1
下设,1
下身,1
不会,6
不得,1
不用,2
不肯,1
不能,1
不行,1
世界,3
东坡,1
东莞,1
东西,2
两河口,2
个人,1
中国,28
中心,1
中织,1
临平,1
为主,2
主办方,1
主持人,2
主题,2
丽江,2
举办,2
久违,1
乐器,1
乐园,1
乐色,1
乘坐,2
乘车,1
九江,1
习俗,1
习惯,1
乡村,2
书法家,1
书画,1
了临,1
了解,4
争议,2
事业,2
云台,1
云台山,5
云水,2
云雾,1
互联网,1
亚斯,2
交通,1
交领,5
产业,4
产品,3
享受,3
亮点,1
亮相,2
人人,1
人们,9
人性,1
人才,2
人数,1
人气,2
人物,1
人生,1
人类,1
人罗衣,1
人群,1
人间,2
介绍,2
仙人,2
仙子,3
仙气,2
仙鹤,1
仪式,3
仪注,1
价值,2
价格,4
任选,1
仿生,1
众人,1
优惠,3
优汉,1
优秀作品,1
会员,1
传承,4
传统,38
传统节日,1
传说,1
位于,2
体型,1
体现,1
体系,2
体验,6
余杭区,1
佛像,1
作为,9
作揖,1
作秀,1
作者,1
佩戴,2
佳人,1
使用,4
侠客,1
侵权,1
便是,1
俘获,1
保暖,1
信仰,1
信息,3
偏激,1
做工,2
偶像剧,1
傻傻,1
元件,1
元素,8
充电,1
先生,1
光泽,2
光线,1
免费,4
兔子,1
入园,1
入场,1
全国,4
全身,1
八仙,1
公主,1
公众,4
公司,1
公园,1
公子,1
具有,2
养生,1
内容,1
内衣,3
冒起,1
写作,1
写诗,1
写道,1
农历,1
决赛,1
几瓣,1
出发,1
出土,1
出来,4
出现,2
出示,1
出租车,1
出镜,1
函人,1
分享,2
分析师,1
创作,1
创意,2
创造,2
初心,1
利于,1
利刃,2
利益,1
到达,1
制作,7
制度,2
刺绣,1
前襟,3
剑眉,1
剧情,1
剪裁,1
功能,1
加上,2
加入,2
加分,1
加热,1
加购,1
动物,1
包厢,1
包括,2
化为,1
化身,1
北京,2
北江,2
北齐,1
区别,1
区域,1
医护,1
医院,1
半决赛,1
半臂,3
华南,1
华夏,7
华强北,2
华裳,1
华风,1
协会,3
单位,1
单层,1
南坪,1
南宁,1
南昌,1
南沙,1
南粤,1
博物馆,1
卫衣,1
印花,1
历史,6
原创,2
原味,1
原因,1
原有,1
原汁原味,1
厦门,2
参与,4
参加,2
参考,2
参赛,1
双层,1
双方,1
发冠,2
发包,1
发型,2
发展,8
发布,2
发现,1
发簪,3
发饰,2
发髻,4
取暖,1
受访,1
变化,2
口罩,2
古人,3
古北,1
古城,2
古宅,1
古色古香,1
古街,2
古装,3
古镇,5
古风,3
古香古色,1
叫做,2
可攻,1
可爱,2
可能,4
可见,1
右衽,1
司马台长城,1
合作,1
合称,1
同学,1
同村,1
同袍,7
同道,1
名列,2
名字,1
名次,1
名额,1
后悔,2
吓人,1
启动,3
吸引,2
吸睛,2
告诉,1
味道,1
咨询,1
品名,1
品尝,1
品牌,2
品种,1
哥哥,2
唱歌,1
唾液,1
商业,1
商人,2
商品,1
商家,12
商报,1
喜欢,16
單位,1
噪点,1
回归,1
回眸,2
回顾,1
回馈,1
因素,1
团圆,1
团队,2
国丝,1
国产,2
国家,1
国际品牌,1
国风,2
图书,1
图片,1
圆领,2
圈子,2
圈粉,1
土地,1
土布,1
在于,1
在座,1
地址,1
地点,4
地面,1
场合,3
坚守,1
城市,2
培训,3
基本,2
增长,1
墨画,2
壁画,1
备注,1
复制,1
复原,3
复古,1
复工,1
复赛,1
复道,2
外加,1
外套,1
外层,1
外立面,1
大众,3
大会,3
大力,2
大厅,1
大家,28
大巴车,1
大故,1
大衣,1
大袖,1
大赛,3
天梯,1
天赋,1
太多,1
太子,1
夫人,2
头条,2
头饰,1
奉天,2
套装,1
女主,1
女子,9
女孩子,2
女性,7
女明星,1
女生,3
女装,1
奶凶,1
好事,1
好像,1
好友,1
好看,7
妆容,1
妇女,1
妈妈,2
姐姐,1
娱乐,1
婚礼,3
媒体,3
媒文,1
嫁衣,2
嫦娥,1
字体,1
季军,1
学习,2
学位证书,1
学历,1
学生,2
学生上课,2
孩子,1
學校,1
安排,1
官方,2
定制,2
宛如,1
实物,1
客人,1
客栈,1
客运站,1
宫廷,1
家庭,1
对焦,1
对襟,3
寺庙,1
将军,2
小众,1
小伙伴,1
小包,1
小妖,1
小火锅,1
小组,1
小落,1
少女,2
少数民族,1
尝到,1
局部,2
屈原,1
屏幕,2
展出,1
展示,3
山寨,4
山歌,1
山水,2
山湖,1
山遥,1
山顶,1
山风,1
峨冠博带,1
巡游,2
工业,2
工作,4
工作人员,1
工期,2
工艺,3
巧手,1
市场,6
市民,1
布料,2
帅气,1
希望,3
带上,1
带来,1
帮助,2
干枯,1
平价,1
平台,8
平山,1
年轻人,4
年龄,2
广东,1
广场,2
广州,1
广西,1
应该,3
底特律,1
店主,1
店家,1
店铺,4
延续,1
建议,2
开园,1
开始,11
开心,1
开放,3
开衩,1
引向,1
引起,2
形体,1
形制,6
形式,1
形成,1
形象,2
彤的,3
彰显,1
影像,1
影响,2
影视剧,2
很漂亮,1
徐州,1
得到,1
得票数,2
德清县,1
心理,1
快节奏,1
思考,2
急诊科,1
性价比,1
性别,1
总决赛,1
总店,1
恋情,2
恢复,2
悬空,1
情侣,1
情怀,3
情景剧,1
情藏,1
想象,1
意义,2
意思,1
感受,1
感觉,7
戏蝶,1
成为,11
成品,1
成就,1
成果,3
成為,1
成衣,1
成都,1
成长,1
战甲,1
手作,1
手工,5
手持,2
手握,1
手机,2
手游,1
手绘,1
才能,1
才艺,1
打卡,4
打扮,2
打造,2
扛得住,1
投稿,2
抗疫,2
折扇,1
折扣,1
抢答,2
护士,1
报名,6
报告,1
报融,1
报道,1
披上,1
披风,2
拈花,1
拍出,2
拍摄,3
拍照,3
招募,1
拥有,4
拱手,1
拿到,1
拿捏,2
指导,1
挽红,1
授课,3
排名,4
排行榜,3
探访,1
接受,1
接触,1
控制,1
推出,3
推动,1
推文,2
提供,1
提到,1
提示,1
握手,1
搭配,8
携带,2
摄影,2
摄影师,1
摇曳,1
摘自,1
撮要,1
支持,1
收入,2
收获,1
改革,1
攻击力,1
攻略,1
政府,1
故事,2
效果,1
教学,1
教程,1
数据,3
整体,4
整容,1
整理,1
文人,3
文化,55
文旅,2
文物,3
文物局,1
文盲,1
文章,14
斗笠,1
新人,1
新品,4
新婚,1
新市,1
方案,1
方领,1
旅游,4
旅行,1
旅途,1
旅部,1
旋裙,1
旗袍,4
无人,1
无情,1
无意,1
无袖,1
日本,4
时代,5
时候,9
时光,2
时尚,3
时期,9
时节,1
时装,1
时装周,1
时间,11
明制,4
昙花,1
星光,1
星河,1
星目,1
春光,2
春风,1
显得,2
显示,6
晋制,3
晕染,1
晨光,1
普及,1
普济,1
普陀山,1
景区,15
景点,4
景观,1
暗河,1
曲裾,1
曲阜,1
月饼,1
有关,1
有意,1
有没有,1
有点,2
有着,2
有限公司,3
朋友,1
朋友圈,1
服装,8
服饰,23
服饰文化,1
期待,1
机会,1
机身,1
李茉,1
杏花,1
村民,1
来到,3
来料,2
来源,1
来源于,2
来自,3
杭州,2
松林,1
极具,3
架子,1
柚子,1
柠檬,1
标签,2
校书,1
样子,1
梦游,1
梦缀,1
森友,1
森林,2
植被,1
楚国,1
概念,1
樟木,1
模式,1
樱花,1
欢迎,5
欣赏,1
款式,4
歌曲,1
歌舞,1
正义,2
武士,1
比例,2
比赛,3
民宿,1
民族,12
民族意识,1
民族服装,2
民生,1
民间,1
气场,1
气度,1
气息,1
气质,8
氛围,1
水乡,3
水色,1
水质,2
水镇,1
汉奸,1
江东,1
江南,3
江口,2
江湖,1
池江,1
汽车站,1
没有,12
河南,1
河南省,1
油茶,1
沾衣,1
泉州,1
泉州市,1
注意,4
泸州,1
洋装,1
洛宁县,1
洛阳,1
洞口,1
活动,27
活動,1
流光,1
流行,2
流连,1
浆糊,1
浙江,1
浙江省,1
海域,1
海寺,1
海选,1
涂鸦,2
消毒,1
消费,5
消费者,4
消除,1
深受,1
深圳,3
深度,1
淹城,1
清平乐,2
渔夫,1
渠道,1
温度,1
游园,1
游园会,2
游客,7
游戏,4
游玩,6
游船,2
游览,2
溜走,1
滋養,1
满意,1
演出,1
演奏,1
漢服,1
潮流,1
澎湃,1
澜湾,2
火炬,1
火箭,1
火花,1
火车,1
火车站,1
火锅,2
灵鸽,1
点击,1
烧烤,1
烧金,2
热情,2
焦作,2
照片,8
爆棚,1
爱好者,11
爱情,3
爱豆,1
父母,2
版号,1
版型,2
特产,2
特地,1
特征,1
特点,3
特色,4
独清,1
独立,1
猫眼石,1
献唱,1
玩家,3
玩石,1
环境,1
现场,7
现实生活,2
现身,3
玺物,1
珍珠,1
理想,1
理由,1
理解,2
理论,2
琵琶,2
生意,1
生活,8
用户,2
用水,2
甲方,2
甲胄,1
电商,2
电子,2
电影,1
电视剧,1
电话,2
男人,2
男友,2
男团,1
男子,2
男性,2
男装,3
画像,1
画幅,1
画质,1
留下,1
留坝,2
留坝县,2
疫情,3
痴迷,1
白色,2
白菜,1
白衣,1
百货,1
盛会,1
盛行,1
目的地,1
直呼,1
直播,3
相似,2
相信,3
相关,5
相应,1
相当于,1
相比,1
省份,1
看到,6
看来,1
看着,2
看见,1
看起来,4
真丝,1
眼光,1
眼尖,1
眼部,1
知乎,2
知识,3
知道,6
短打,1
短衫,1
矿山,1
研究会,1
示意图,2
礼乐,2
礼仪,3
礼衣,1
社会,4
社员,3
社會,1
神仙,1
神器,1
神探,1
神灵,1
票价,1
祭天,1
禅寺,1
福利,1
福州,1
福建,2
福音,1
离开,1
离骚,1
秋裤,1
科幻,1
科技,3
租赁,3
程度,1
空气,1
空气质量,3
穿上去,1
穿着,11
穿越,5
突出,1
立领,1
竖领,1
童话,1
笔者,1
签到,2
签名会,1
简化,1
簪子,1
类似,1
类型,1
粉丝,1
精彩,2
精心策划,1
精神,1
糖果,1
系带,1
素裙,1
紫色,1
累丝,2
繁体字,1
繁复,1
红叶,1
红尘,2
红色,1
纪念,1
纶巾,2
纸箱,1
纸艺,1
纸雕,1
细节,2
经典,4
绒花,2
结婚,2
结束,1
结果,1
绝版,1
统计,4
绣球花,1
绣花,1
绫墨,1
绰约,1
绿色,2
缓解,2
编织,1
缘汉,1
网友,5
网红,2
网络,5
羊羔,1
美丽,3
美女,1
美学,2
美容,1
美汉,1
美美,1
美食,6
群众,2
群体,1
群觉,1
羽绒服,1
羽衣,2
老人,1
老宫,1
老师,3
联名,1
联系,2
聚会,1
聚水,2
肢体,1
肯定,2
背子,1
背心,1
背景,2
背照式,1
胡地,1
能力,2
腰澜,1
自信,1
自带,1
致敬,1
舉行,1
舌尖,1
舞动,1
舞台,2
舟山,1
色彩,1
艺术,7
节俗,1
芋饼,1
花事,1
花海,1
花神,1
花粉,1
花谷,1
花道,1
芸子,1
苦力,1
英德,1
英雄,3
茂名市,1
茶会,1
茶道,1
草莓,1
荼蘼,1
莆田,1
获得,3
華夏,1
萌新,1
营销,2
落地,1
葡萄,1
融合,2
行业,3
行礼,1
衢州市,1
衣冠,3
衣名,1
衣摆,1
衣服,16
衣物,2
衣衬,1
衣裳,6
补充,1
表中,1
表情,1
表演,4
表现,2
表示,4
表达,1
衬衫,1
衬裙,1
袍子,1
被窝,1
被调查者,1
裁缝,2
装饰,3
裙子,5
裙摆,4
裙片,1
褶裙,1
西塘,3
西湖,2
要求,5
親人,1
见面,1
观众,1
观念,1
观点,1
观音,1
观音山,1
规模,2
视频,10
觉得,2
角色,1
解读,1
订单,2
认为,10
认可,1
认可度,2
认同,2
认识,3
记得,2
记者,3
记载,2
设计,7
设计师,1
评委,2
评论,1
评选活动,1
试问,1
诗词,2
语帐,2
语文,2
误差,1
说明,1
说起,1
说道,1
课程,1
调查,1
谓之,3
象征,2
负责人,1
败家女,1
购买,5
购票,1
贵妃,1
贵气,1
费用,1
资本,1
资讯,4
赏月,1
赛区,2
走上,1
起来,1
超越,4
超过,1
超高,2
趋势,1
路径,1
跳舞,1
蹦极,1
身份证,1
身姿,1
身心,1
身材,3
身着,1
身穿,3
身章,1
轉向,1
转起,1
转载,1
输出,1
达到,2
运动,6
返场,1
还有,13
进入,2
进场,1
进行,12
远嫁,1
追求,4
适合,3
逆水,1
选定,1
选手,1
选择,3
选秀,1
通草花,2
逸仙,1
遇上,1
遇见,1
遥居,1
邀请函,1
邮箱,2
部分,2
鄙视,1
配上,2
配以,1
配色,2
配饰,1
酒店,2
酒色,1
酿酒,1
醴泉,2
重回,2
重庆,1
重量,1
野生动物,2
金色,1
鉴赏,1
钱包,1
铠甲,2
销售,2
销量,2
锦州,1
锦绣,1
锦衣卫,2
锦里,1
锦鲤,1
镌刻,1
镜头,1
长城,1
长尾,1
长府,1
长度,2
长沙,1
长衫,1
长袖,1
门派,1
门票,3
门票价格,1
闪闪发光,1
闭环,1
问题,2
闽南,1
阡陌,1
防晒,2
防疫,1
阳峡,2
阶段,1
陆市,1
降温,1
陷入,1
隔閡,1
难忘,1
雅黑,1
集合,1
集成,1
雨丝,1
雨水,1
需求,1
需要,5
青丝,2
青山,2
青年人,1
青春,2
青缎,1
非酋,1
靠谱,1
面向,1
面对,2
面料,7
鞋子,1
韩国,1
音乐,1
音乐家,1
项目,1
顺口,1
预售,1
领子,1
领导,2
题目,2
颜值,3
颜色,5
额头,1
风情,2
风景区,2
风格,3
飘带,1
飘逸,1
飞天,1
飞行器,1
飞袖,1
食客,1
餐厅,1
饰演,1
首饰,2
香腮,1
香道,1
马面,2
骑马,2
高个子,1
高调,2
魅力十足,1
鹅绒,1
黄妆,1
黄河,2
黄粉,1
黄色,1
黄金,1
黑色,2
默认,1
齐胸,4
齐腰,1
