word,count
三十年河东,1
下载,1
不到,1
不能,1
专栏,1
专题,1
世界,2
东西,1
中断,1
交友,1
人物,1
人类,1
人脸识别,1
代码,3
代表,1
优势,1
位置,1
余额,1
作业,1
作者,1
使用,1
侵删,1
信息,1
共线性,1
关系,1
内容,2
写成,1
写本,1
准备,1
出现,1
分享,1
分析,4
列出,1
创造,1
利用,3
前文,1
前段时间,1
前行,1
前言,5
加上,1
包含,1
千人,1
原因,2
去掉,1
发布,1
可能,1
可视化,1
合作,1
同学,1
唱歌,1
图片,2
地区,1
大关,1
大图,1
大家,6
大量,1
大陆,1
天记,1
奋斗,1
字段,1
学习,3
学期,1
完成,2
实战,1
导入,1
封面,1
小伙伴,1
小时,1
属于,1
巅峰,1
工作,1
工具,2
建立,1
开发,2
开学,1
开波,1
开题,1
得到,1
性别,1
情况,2
情感,1
感谢,1
扩展,1
找到,1
技术,1
拍子,1
拼接,1
按例,1
排名,1
排序,1
推荐,1
收录,1
改命,1
教程,1
数据,4
数据挖掘,1
文件,1
文字,2
文本,1
文章,5
斗气,1
无法,2
时间,2
机器,3
材料,1
案例,1
榜单,1
比起,1
没有,2
河西,1
流程,1
照片,1
爬取,3
爬虫,6
生存,1
用户,3
百度,1
直播,1
相应,1
看过,1
知道,1
砥砺,1
突破,1
简书,4
简介,1
算法,1
管理员,1
粉丝,3
经历,1
绘制,1
继续,1
维度,1
编写,1
缺少,1
网站,1
能够,1
觉得,1
讲讲,1
语法,1
读书笔记,1
读入,1
走向,1
起来,2
超越,1
跑调,1
路径,1
跳舞,1
运营,1
进入,1
进行,1
适应,1
逆天,1
逻辑,1
采集,1
链接,1
陪伴,1
项目,3
颜色,1
飞快,1
